{"acc_top1": 0.890875651374272, "acc_top5": 0.9824256667007254}