{"acc_top1": 0.88433578968333, "acc_top5": 0.9762995419239195}