{"acc_top1": 0.8762714786506522, "acc_top5": 0.9844261824033101}