{"acc_top1": 0.844823151125402, "acc_top5": 0.9332475884244373}