{"acc_top1": 0.8940942066005926, "acc_top5": 0.9837028711556146}