{"acc_top1": 0.42692970695269106, "acc_top5": 0.7678605631105152}