{"acc_top1": 0.35934967849861466, "acc_top5": 0.6790213811490408}